{
  "preset": "Default",
  "remembered": {
    "Default": {
      "0": {},
      "1": {
        "x": -15.437392795883284,
        "y": -62.607204116637945
      },
      "2": {
        "x": 1,
        "y": 1
      }
    },
    "Big": {
      "0": {},
      "1": {
        "x": -434.4373927958833,
        "y": -319.60720411663794
      },
      "2": {
        "x": 1.9978954752718345,
        "y": 3
      }
    },
    "small": {
      "0": {},
      "1": {
        "x": 689.5368782161236,
        "y": 424.52830188679263
      },
      "2": {
        "x": 0.8081374956155735,
        "y": 0.13468958260259556
      }
    }
  },
  "closed": false,
  "folders": {
    "Template": {
      "preset": "Default",
      "closed": false,
      "folders": {
        "position": {
          "preset": "Default",
          "closed": false,
          "folders": {}
        },
        "scale": {
          "preset": "Default",
          "closed": false,
          "folders": {}
        }
      }
    }
  }
}